obsolete	replacement
MONDO:0000002	MONDO:0009299
MONDO:0000010	MONDO:0008926
MONDO:0000013	MONDO:0008982
MONDO:0000016	MONDO:0005010
MONDO:0000017	MONDO:0011791
MONDO:0000018	MONDO:0016107
MONDO:0000019	MONDO:0019287
MONDO:0000020	MONDO:0017319
MONDO:0000021	MONDO:0018770
MONDO:0000024	MONDO:0005508
MONDO:0000025	MONDO:0018768
MONDO:0000026	MONDO:0001083
MONDO:0000028	MONDO:0013229
MONDO:0000031	MONDO:0013209
MONDO:0000033	MONDO:0016643
MONDO:0000040	MONDO:0016543
MONDO:0000041	MONDO:0016596
MONDO:0000043	MONDO:0018100
MONDO:0000047	MONDO:0003947
MONDO:0000048	MONDO:0001341
MONDO:0000055	MONDO:0004985
MONDO:0000056	MONDO:0016584
MONDO:0000059	MONDO:0016826
MONDO:0000061	MONDO:0016660
MONDO:0000063	MONDO:0020480
MONDO:0000064	MONDO:0016073
MONDO:0000067	MONDO:0018158
MONDO:0000068	MONDO:0019248
MONDO:0000069	MONDO:0017169
MONDO:0000071	MONDO:0018943
MONDO:0000073	MONDO:0019284
MONDO:0000074	MONDO:0018307
MONDO:0000075	MONDO:0018894
MONDO:0000077	MONDO:0005712
MONDO:0000080	MONDO:0010704
MONDO:0000081	MONDO:0009299
MONDO:0000083	MONDO:0018306
MONDO:0000084	MONDO:0015999
MONDO:0000085	MONDO:0013099
MONDO:0000086	MONDO:0017425
MONDO:0000089	MONDO:0005562
MONDO:0000091	MONDO:0019490
MONDO:0000092	MONDO:0001560
MONDO:0000093	MONDO:0859050
MONDO:0000095	MONDO:0016576
MONDO:0000096	MONDO:0012580
MONDO:0000098	MONDO:0019201
MONDO:0000101	MONDO:0018891
MONDO:0000103	MONDO:0019004
MONDO:0000109	MONDO:0000720
MONDO:0000112	MONDO:0015487
MONDO:0000116	MONDO:0000904
MONDO:0000117	MONDO:0000824
MONDO:0000120	MONDO:0015998
MONDO:0000121	MONDO:0005024
MONDO:0000122	MONDO:0011090
MONDO:0000123	MONDO:0018175
MONDO:0000124	MONDO:0018363
MONDO:0000126	MONDO:0001056
MONDO:0000134	MONDO:0000507
MONDO:0000135	MONDO:0016516
MONDO:0000139	MONDO:0017950
MONDO:0000140	MONDO:0016558
MONDO:0000142	MONDO:0019042
MONDO:0000146	MONDO:0015333
MONDO:0000149	MONDO:0005283
MONDO:0000150	MONDO:0016763
MONDO:0000163	MONDO:0100526
MONDO:0000164	MONDO:0005321
MONDO:0000165	MONDO:0013311
MONDO:0000168	MONDO:0019181
MONDO:0000175	MONDO:0011457
MONDO:0000176	MONDO:0019375
MONDO:0000180	MONDO:0017411
MONDO:0000183	MONDO:0016620
MONDO:0000184	MONDO:0015722
MONDO:0000186	MONDO:0019675
MONDO:0000187	MONDO:0010004
MONDO:0000194	MONDO:0008163
MONDO:0000195	MONDO:0015281
MONDO:0000197	MONDO:0008429
MONDO:0000199	MONDO:0021055
MONDO:0000201	MONDO:0017896
MONDO:0000203	MONDO:0017910
MONDO:0000207	MONDO:0014176
MONDO:0000215	MONDO:0020310
MONDO:0000217	MONDO:0010593
MONDO:0000219	MONDO:0008621
MONDO:0000220	MONDO:0019503
MONDO:0000223	MONDO:0017941
MONDO:0000228	MONDO:0005677
MONDO:0000235	MONDO:0019359
MONDO:0000237	MONDO:0006752
MONDO:0000246	MONDO:0019378
MONDO:0000247	MONDO:0015540
MONDO:0000258	MONDO:0015805
MONDO:0000260	MONDO:0016575
MONDO:0000264	MONDO:0020487
MONDO:0000267	MONDO:0015264
MONDO:0000268	MONDO:0009537
MONDO:0000269	MONDO:0016595
MONDO:0000272	MONDO:0010012
MONDO:0000274	MONDO:0017572
MONDO:0000277	MONDO:0017874
MONDO:0000278	MONDO:0017875
MONDO:0000279	MONDO:0017876
MONDO:0000280	MONDO:0017877
MONDO:0000281	MONDO:0017878
MONDO:0000285	MONDO:0017872
MONDO:0000287	MONDO:0018556
MONDO:0000289	MONDO:0018039
MONDO:0000296	MONDO:0019143
MONDO:0000300	MONDO:0019498
MONDO:0000305	MONDO:0016426
MONDO:0000311	MONDO:0018612
MONDO:0000312	MONDO:0023069
MONDO:0000317	MONDO:0016453
MONDO:0000318	MONDO:0015803
MONDO:0000319	MONDO:0015804
MONDO:0000322	MONDO:0018984
MONDO:0000323	MONDO:0008279
MONDO:0000324	MONDO:0020088
MONDO:0000325	MONDO:0016471
MONDO:0000326	MONDO:0018838
MONDO:0000329	MONDO:0019362
MONDO:0000347	MONDO:0019471
MONDO:0000349	MONDO:0019011
MONDO:0000350	MONDO:0018778
MONDO:0000352	MONDO:0015364
MONDO:0000353	MONDO:0019663
MONDO:0000354	MONDO:0017959
MONDO:0000356	MONDO:0019523
MONDO:0000357	MONDO:0018097
MONDO:0000360	MONDO:0016001
MONDO:0000361	MONDO:0010924
MONDO:0000362	MONDO:0009032
MONDO:0000364	MONDO:0018542
MONDO:0000366	MONDO:0018251
MONDO:0000370	MONDO:0006094
MONDO:0000391	MONDO:0008029
MONDO:0000392	MONDO:0016011
MONDO:0000394	MONDO:0016011
MONDO:0000398	MONDO:0004379
MONDO:0000399	MONDO:0022697
MONDO:0000401	MONDO:0018841
MONDO:0000403	MONDO:0004992
MONDO:0000404	MONDO:0004992
MONDO:0000406	MONDO:0008891
MONDO:0000417	MONDO:0010826
MONDO:0000418	MONDO:0100062
MONDO:0000419	MONDO:0018950
MONDO:0000420	MONDO:0013110
MONDO:0000422	MONDO:0002412
MONDO:0000423	MONDO:0018151
MONDO:0000424	MONDO:0019220
MONDO:0000427	MONDO:0006025
MONDO:0000431	MONDO:0018876
MONDO:0000433	MONDO:0006495
MONDO:0000434	MONDO:0000430
MONDO:0000435	MONDO:0006431
MONDO:0000436	MONDO:0019469
MONDO:0000438	MONDO:0018996
MONDO:0000439	MONDO:0019262
MONDO:0000441	MONDO:0010684
MONDO:0000442	MONDO:0007100
MONDO:0000443	MONDO:0007068
MONDO:0000444	MONDO:0017123
MONDO:0000445	MONDO:0016987
MONDO:0000449	MONDO:0017138
MONDO:0000454	MONDO:0017923
MONDO:0000464	MONDO:0019353
MONDO:0000472	MONDO:0006955
MONDO:0000475	MONDO:0019238
MONDO:0000484	MONDO:0019771
MONDO:0000493	MONDO:0008633
MONDO:0000501	MONDO:0010578
MONDO:0000504	MONDO:0018906
MONDO:0000505	MONDO:0000402
MONDO:0000506	MONDO:0010913
MONDO:0000511	MONDO:0006216
MONDO:0000512	MONDO:0017795
MONDO:0000522	MONDO:0015798
MONDO:0000523	MONDO:0006172
MONDO:0000526	MONDO:0006091
MONDO:0000528	MONDO:0005008
MONDO:0000529	MONDO:0005484
MONDO:0000533	MONDO:0015867
MONDO:0000535	MONDO:0006470
MONDO:0000537	MONDO:0006181
MONDO:0000538	MONDO:0006466
MONDO:0000542	MONDO:0006187
MONDO:0000546	MONDO:0006356
MONDO:0000547	MONDO:0005211
MONDO:0000555	MONDO:0017324
MONDO:0000556	MONDO:0015244
MONDO:0000557	MONDO:0100309
MONDO:0000558	MONDO:0017845
MONDO:0000559	MONDO:0016612
MONDO:0000560	MONDO:0010847
MONDO:0000561	MONDO:0011694
MONDO:0000564	MONDO:0009133
MONDO:0000566	MONDO:0005567
MONDO:0000567	MONDO:0007361
MONDO:0000570	MONDO:0011225
MONDO:0000571	MONDO:0012426
MONDO:0000574	MONDO:0015702
MONDO:0000575	MONDO:0015701
MONDO:0000576	MONDO:0014280
MONDO:0000578	MONDO:0014276
MONDO:0000579	MONDO:0014168
MONDO:0000580	MONDO:0010626
MONDO:0000581	MONDO:0013287
MONDO:0000582	MONDO:0000048
MONDO:0000584	MONDO:0013289
MONDO:0000585	MONDO:0015696
MONDO:0000593	MONDO:0017841
MONDO:0000604	MONDO:0001300
MONDO:0000609	MONDO:0010524
MONDO:0000613	MONDO:0006512
MONDO:0000614	MONDO:0006513
MONDO:0000617	MONDO:0006244
MONDO:0000619	MONDO:0005494
MONDO:0000622	MONDO:0005165
MONDO:0000623	MONDO:0005165
MONDO:0000635	MONDO:0018936
MONDO:0000638	MONDO:0021637
MONDO:0000641	MONDO:0007959
MONDO:0000642	MONDO:0850302
MONDO:0000655	MONDO:0019464
MONDO:0000656	MONDO:0015045
MONDO:0000657	MONDO:0015046
MONDO:0000658	MONDO:0015044
MONDO:0000689	MONDO:0009669
MONDO:0000691	MONDO:0021668
MONDO:0000692	MONDO:0007863
MONDO:0000695	MONDO:0009345
MONDO:0000696	MONDO:0011876
MONDO:0000697	MONDO:0010083
MONDO:0000699	MONDO:0009351
MONDO:0000711	MONDO:0008458
MONDO:0000712	MONDO:0017161
MONDO:0000713	MONDO:0016430
MONDO:0000714	MONDO:0019563
MONDO:0000717	MONDO:0008715
MONDO:0000718	MONDO:0007034
MONDO:0000719	MONDO:0017579
MONDO:0000720	MONDO:0008947
MONDO:0000725	MONDO:0010731
MONDO:0000729	MONDO:0008340
MONDO:0000730	MONDO:0020135
MONDO:0000731	MONDO:0019347
MONDO:0000735	MONDO:0008111
MONDO:0000737	MONDO:0009576
MONDO:0000738	MONDO:0020119
MONDO:0000752	MONDO:0019773
MONDO:0000753	MONDO:0019015
MONDO:0000759	MONDO:0007059
MONDO:0000760	MONDO:0018237
MONDO:0000765	MONDO:0020213
MONDO:0000767	MONDO:0005563
MONDO:0000768	MONDO:0018661
MONDO:0000808	MONDO:0006243
MONDO:0000810	MONDO:0010542
MONDO:0000817	MONDO:0010015
MONDO:0000818	MONDO:0013965
MONDO:0000821	MONDO:0011305
MONDO:0000822	MONDO:0016537
MONDO:0000823	MONDO:0012705
MONDO:0000825	MONDO:0019046
MONDO:0000826	MONDO:0010306
MONDO:0000829	MONDO:0017279
MONDO:0000830	MONDO:0007926
MONDO:0000832	MONDO:0005170
MONDO:0000835	MONDO:0005380
MONDO:0000838	MONDO:0019040
MONDO:0000841	MONDO:0009943
MONDO:0000842	MONDO:0007982
MONDO:0000843	MONDO:0009833
MONDO:0000844	MONDO:0016761
MONDO:0000846	MONDO:0009031
MONDO:0000847	MONDO:0009940
MONDO:0000848	MONDO:0007181
MONDO:0000850	MONDO:0007793
MONDO:0000851	MONDO:0019648
MONDO:0000852	MONDO:0019669
MONDO:0000853	MONDO:0007987
MONDO:0000854	MONDO:0019354
MONDO:0000855	MONDO:0019696
MONDO:0000856	MONDO:0019551
MONDO:0000860	MONDO:0018075
MONDO:0000861	MONDO:0008051
MONDO:0000862	MONDO:0019948
MONDO:0000864	MONDO:0019952
MONDO:0000865	MONDO:0009711
MONDO:0000867	MONDO:0017415
MONDO:0000869	MONDO:0007614
MONDO:0000876	MONDO:0015288
MONDO:0000877	MONDO:0005723
MONDO:0000880	MONDO:0005556
MONDO:0000881	MONDO:0015688
MONDO:0000882	MONDO:0015689
MONDO:0000883	MONDO:0015690
MONDO:0000884	MONDO:0013296
MONDO:0000885	MONDO:0009774
MONDO:0000886	MONDO:0006852
MONDO:0000887	MONDO:0019514
MONDO:0000896	MONDO:0006148
MONDO:0000897	MONDO:0020311
MONDO:0000899	MONDO:0015523
MONDO:0000900	MONDO:0017623
MONDO:0000905	MONDO:0000193
MONDO:0000906	MONDO:0011194
MONDO:0000907	MONDO:0008770
MONDO:0000915	MONDO:0007930
MONDO:0000917	MONDO:0019962
MONDO:0000932	MONDO:0005208
MONDO:0000982	MONDO:0014624
MONDO:0000985	MONDO:0016003
MONDO:0000998	MONDO:0005899
MONDO:0000999	MONDO:0015926
MONDO:0001002	MONDO:0008346
MONDO:0001010	MONDO:0019470
MONDO:0001013	MONDO:0006118
MONDO:0001018	MONDO:0004967
MONDO:0001026	MONDO:0005113
MONDO:0001043	MONDO:0005728
MONDO:0001047	MONDO:0000004
MONDO:0001058	MONDO:0004950
MONDO:0001069	MONDO:0019046
MONDO:0001070	MONDO:0018544
MONDO:0001077	MONDO:0015183
MONDO:0001097	MONDO:0020367
MONDO:0001102	MONDO:0017203
MONDO:0001107	MONDO:0020143
MONDO:0001111	MONDO:0018896
MONDO:0001124	MONDO:0016075
MONDO:0001131	MONDO:0006186
MONDO:0001140	MONDO:0018071
MONDO:0001189	MONDO:0019086
MONDO:0001194	MONDO:0019360
MONDO:0001201	MONDO:0010811
MONDO:0001248	MONDO:0019173
MONDO:0001264	MONDO:0017881
MONDO:0001267	MONDO:0015306
MONDO:0001278	MONDO:0006502
MONDO:0001289	MONDO:0006337
MONDO:0001311	MONDO:0020369
MONDO:0001333	MONDO:0018068
MONDO:0001344	MONDO:0016391
MONDO:0001346	MONDO:0018949
MONDO:0001348	MONDO:0019632
MONDO:0001354	MONDO:0017202
MONDO:0001359	MONDO:0016086
MONDO:0001389	MONDO:0015203
MONDO:0001425	MONDO:0010726
MONDO:0001432	MONDO:0020532
MONDO:0001448	MONDO:0017282
MONDO:0001450	MONDO:0015304
MONDO:0001477	MONDO:0019172
MONDO:0001483	MONDO:0020501
MONDO:0001486	MONDO:0018092
MONDO:0001489	MONDO:0019316
MONDO:0001524	MONDO:0005328
MONDO:0001545	MONDO:0019565
MONDO:0001550	MONDO:0007473
MONDO:0001570	MONDO:0016567
MONDO:0001573	MONDO:0009245
MONDO:0001581	MONDO:0018983
MONDO:0001587	MONDO:0018938
MONDO:0001599	MONDO:0019191
MONDO:0001605	MONDO:0003730
MONDO:0001619	MONDO:0019633
MONDO:0001659	MONDO:0021259
MONDO:0001669	MONDO:0008903
MONDO:0001675	MONDO:0019142
MONDO:0001677	MONDO:0017880
MONDO:0001696	MONDO:0020066
MONDO:0001726	MONDO:0015681
MONDO:0001738	MONDO:0017198
MONDO:0001755	MONDO:0006488
MONDO:0001759	MONDO:0020439
MONDO:0001796	MONDO:0009176
MONDO:0001814	MONDO:0011827
MONDO:0001826	MONDO:0017774
MONDO:0001839	MONDO:0018301
MONDO:0001840	MONDO:0015254
MONDO:0001859	MONDO:0019369
MONDO:0001865	MONDO:0017278
MONDO:0001891	MONDO:0006081
MONDO:0001900	MONDO:0019134
MONDO:0001908	MONDO:0018570
MONDO:0001934	MONDO:0016620
MONDO:0001937	MONDO:0007893
MONDO:0001948	MONDO:0018992
MONDO:0001958	MONDO:0020380
MONDO:0001960	MONDO:0008758
MONDO:0001961	MONDO:0016372
MONDO:0001963	MONDO:0005559
MONDO:0001968	MONDO:0010765
MONDO:0001970	MONDO:0008223
MONDO:0001980	MONDO:0019148
MONDO:0001981	MONDO:0019149
MONDO:0002001	MONDO:0005070
MONDO:0002003	MONDO:0006879
MONDO:0002005	MONDO:0019797
MONDO:0002007	MONDO:0008642
MONDO:0002011	MONDO:0019623
MONDO:0002015	MONDO:0009242
MONDO:0002016	MONDO:0016027
MONDO:0002018	MONDO:0018998
MONDO:0002019	MONDO:0016535
MONDO:0002020	MONDO:0017194
MONDO:0002023	MONDO:0018408
MONDO:0002024	MONDO:0015766
MONDO:0002054	MONDO:0007254
MONDO:0002059	MONDO:0021097
MONDO:0002079	MONDO:0019496
MONDO:0002080	MONDO:0019306
MONDO:0002084	MONDO:0005462
MONDO:0002091	MONDO:0015474
MONDO:0002094	MONDO:0006173
MONDO:0002097	MONDO:0006325
MONDO:0002111	MONDO:0006362
MONDO:0002115	MONDO:0009831
MONDO:0002126	MONDO:0010826
MONDO:0002147	MONDO:0015452
MONDO:0002148	MONDO:0019255
MONDO:0002151	MONDO:0018234
MONDO:0002157	MONDO:0006206
MONDO:0002160	MONDO:0006497
MONDO:0002161	MONDO:0006207
MONDO:0002179	MONDO:0006374
MONDO:0002180	MONDO:0020550
MONDO:0002208	MONDO:0024336
MONDO:0002210	MONDO:0024609
MONDO:0002213	MONDO:0018077
MONDO:0002215	MONDO:0020560
MONDO:0002228	MONDO:0018364
MONDO:0002231	MONDO:0018171
MONDO:0002248	MONDO:0020076
MONDO:0002276	MONDO:0002277
MONDO:0002284	MONDO:0017719
MONDO:0002288	MONDO:0016245
MONDO:0002292	MONDO:0006235
MONDO:0002294	MONDO:0016730
MONDO:0002296	MONDO:0018327
MONDO:0002302	MONDO:0019933
MONDO:0002315	MONDO:0019064
MONDO:0002335	MONDO:0006702
MONDO:0002339	MONDO:0006500
MONDO:0002344	MONDO:0018102
MONDO:0002346	MONDO:0004612
MONDO:0002348	MONDO:0019701
MONDO:0002349	MONDO:0015977
MONDO:0002364	MONDO:0024889
MONDO:0002374	MONDO:0006351
MONDO:0002384	MONDO:0006474
MONDO:0002389	MONDO:0006071
MONDO:0002390	MONDO:0006330
MONDO:0002391	MONDO:0006414
MONDO:0002392	MONDO:0006282
MONDO:0002394	MONDO:0006266
MONDO:0002417	MONDO:0006201
MONDO:0002421	MONDO:0006375
MONDO:0002430	MONDO:0019203
MONDO:0002431	MONDO:0019622
MONDO:0002439	MONDO:0019538
MONDO:0002445	MONDO:0016242
MONDO:0002446	MONDO:0019050
MONDO:0002454	MONDO:0005032
MONDO:0002456	MONDO:0005131
MONDO:0002458	MONDO:0006515
MONDO:0002484	MONDO:0005590
MONDO:0002497	MONDO:0700226
MONDO:0002498	MONDO:0018177
MONDO:0002499	MONDO:0019781
MONDO:0002500	MONDO:0016681
MONDO:0002502	MONDO:0016682
MONDO:0002504	MONDO:0016684
MONDO:0002506	MONDO:0800491
MONDO:0002521	MONDO:0007908
MONDO:0002524	MONDO:0018473
MONDO:0002530	MONDO:0006427
MONDO:0002538	MONDO:0018687
MONDO:0002539	MONDO:0016695
MONDO:0002557	MONDO:0008075
MONDO:0002560	MONDO:0017612
MONDO:0002566	MONDO:0019369
MONDO:0002573	MONDO:0017386
MONDO:0002575	MONDO:0006389
MONDO:0002584	MONDO:0017987
MONDO:0002589	MONDO:0016975
MONDO:0002591	MONDO:0016974
MONDO:0002593	MONDO:0020515
MONDO:0002596	MONDO:0008978
MONDO:0002600	MONDO:0015864
MONDO:0002607	MONDO:0011705
MONDO:0002608	MONDO:0017720
MONDO:0002609	MONDO:0018149
MONDO:0002611	MONDO:0007295
MONDO:0002662	MONDO:0019095
MONDO:0002663	MONDO:0016586
MONDO:0002668	MONDO:0006215
MONDO:0002673	MONDO:0011934
MONDO:0002686	MONDO:0019024
MONDO:0002689	MONDO:0017048
MONDO:0002690	MONDO:0016642
MONDO:0002699	MONDO:0005184
MONDO:0002700	MONDO:0016787
MONDO:0002704	MONDO:0006087
MONDO:0002709	MONDO:0018800
MONDO:0002711	MONDO:0006085
MONDO:0002723	MONDO:0019023
MONDO:0002725	MONDO:0019315
MONDO:0002733	MONDO:0024432
MONDO:0002743	MONDO:0006067
MONDO:0002753	MONDO:0006309
MONDO:0002767	MONDO:0019145
MONDO:0002773	MONDO:0016706
MONDO:0002774	MONDO:0016706
MONDO:0002777	MONDO:0018667
MONDO:0002780	MONDO:0006423
MONDO:0002784	MONDO:0006175
MONDO:0002793	MONDO:0006300
MONDO:0002799	MONDO:0016710
MONDO:0002818	MONDO:0006639
MONDO:0002819	MONDO:0019159
MONDO:0002820	MONDO:0015075
MONDO:0002823	MONDO:0015277
MONDO:0002825	MONDO:0019772
MONDO:0002826	MONDO:0018076
MONDO:0002827	MONDO:0006295
MONDO:0002830	MONDO:0006343
MONDO:0002835	MONDO:0006350
MONDO:0002838	MONDO:0006406
MONDO:0002839	MONDO:0018184
MONDO:0002841	MONDO:0016129
MONDO:0002873	MONDO:0006447
MONDO:0002890	MONDO:0006180
MONDO:0002893	MONDO:0006145
MONDO:0002895	MONDO:0018849
MONDO:0002902	MONDO:0019992
MONDO:0002906	MONDO:0019340
MONDO:0002925	MONDO:0018270
MONDO:0002932	MONDO:0006170
MONDO:0002964	MONDO:0015531
MONDO:0002980	MONDO:0006312
MONDO:0002983	MONDO:0020124
MONDO:0002985	MONDO:0015597
MONDO:0002986	MONDO:0019056
MONDO:0002992	MONDO:0015534
MONDO:0003006	MONDO:0015231
MONDO:0003013	MONDO:0018638
MONDO:0003015	MONDO:0006109
MONDO:0003016	MONDO:0006407
MONDO:0003018	MONDO:0016107
MONDO:0003020	MONDO:0015375
MONDO:0003048	MONDO:0006451
MONDO:0003063	MONDO:0016344
MONDO:0003071	MONDO:0017610
MONDO:0003074	MONDO:0018160
MONDO:0003080	MONDO:0020331
MONDO:0003094	MONDO:0006463
MONDO:0003099	MONDO:0016047
MONDO:0003101	MONDO:0015032
MONDO:0003102	MONDO:0019404
MONDO:0003106	MONDO:0018734
MONDO:0003114	MONDO:0006287
MONDO:0003116	MONDO:0017215
MONDO:0003119	MONDO:0021169
MONDO:0003123	MONDO:0007803
MONDO:0003127	MONDO:0005565
MONDO:0003131	MONDO:0017043
MONDO:0003132	MONDO:0017236
MONDO:0003146	MONDO:0016715
MONDO:0003148	MONDO:0020332
MONDO:0003149	MONDO:0020333
MONDO:0003151	MONDO:0005395
MONDO:0003156	MONDO:0006074
MONDO:0003160	MONDO:0006962
MONDO:0003161	MONDO:0016698
MONDO:0003162	MONDO:0016692
MONDO:0003166	MONDO:0016691
MONDO:0003167	MONDO:0016690
MONDO:0003176	MONDO:0006133
MONDO:0003178	MONDO:0006264
MONDO:0003179	MONDO:0006262
MONDO:0003183	MONDO:0006471
MONDO:0003188	MONDO:0009696
MONDO:0003201	MONDO:0005028
MONDO:0003203	MONDO:0017582
MONDO:0003207	MONDO:0024240
MONDO:0003213	MONDO:0006080
MONDO:0003217	MONDO:0006481
MONDO:0003221	MONDO:0006280
MONDO:0003224	MONDO:0016222
MONDO:0003226	MONDO:0016035
MONDO:0003228	MONDO:0006311
MONDO:0003229	MONDO:0019297
MONDO:0003230	MONDO:0021039
MONDO:0003239	MONDO:0007542
MONDO:0003242	MONDO:0006210
MONDO:0003247	MONDO:0006369
MONDO:0003259	MONDO:0017775
MONDO:0003267	MONDO:0016699
MONDO:0003269	MONDO:0016693
MONDO:0003270	MONDO:0016733
MONDO:0003309	MONDO:0006294
MONDO:0003323	MONDO:0006144
MONDO:0003324	MONDO:0006432
MONDO:0003338	MONDO:0019384
MONDO:0003339	MONDO:0019799
MONDO:0003344	MONDO:0016748
MONDO:0003375	MONDO:0016262
MONDO:0003380	MONDO:0006191
MONDO:0003385	MONDO:0006135
MONDO:0003407	MONDO:0006344
MONDO:0003415	MONDO:0019537
MONDO:0003416	MONDO:0016243
MONDO:0003418	MONDO:0006108
MONDO:0003436	MONDO:0008433
MONDO:0003440	MONDO:0006111
MONDO:0003449	MONDO:0006439
MONDO:0003451	MONDO:0015070
MONDO:0003457	MONDO:0006340
MONDO:0003483	MONDO:0006230
MONDO:0003484	MONDO:0018352
MONDO:0003485	MONDO:0018513
MONDO:0003488	MONDO:0006082
MONDO:0003489	MONDO:0006303
MONDO:0003491	MONDO:0018515
MONDO:0003496	MONDO:0006198
MONDO:0003498	MONDO:0006220
MONDO:0003520	MONDO:0024245
MONDO:0003521	MONDO:0019960
MONDO:0003526	MONDO:0006275
MONDO:0003527	MONDO:0007566
MONDO:0003530	MONDO:0044789
MONDO:0003533	MONDO:0006228
MONDO:0003536	MONDO:0006208
MONDO:0003540	MONDO:0004963
MONDO:0003547	MONDO:0006247
MONDO:0003552	MONDO:0006217
MONDO:0003559	MONDO:0006134
MONDO:0003560	MONDO:0005614
MONDO:0003566	MONDO:0016718
MONDO:0003576	MONDO:0005575
MONDO:0003577	MONDO:0006176
MONDO:0003580	MONDO:0006446
MONDO:0003583	MONDO:0006097
MONDO:0003597	MONDO:0013280
MONDO:0003605	MONDO:0006076
MONDO:0003613	MONDO:0006183
MONDO:0003623	MONDO:0006346
MONDO:0003625	MONDO:0005211
MONDO:0003629	MONDO:0006196
MONDO:0003642	MONDO:0018166
MONDO:0003657	MONDO:0019483
MONDO:0003662	MONDO:0006335
MONDO:0003667	MONDO:0020513
MONDO:0003696	MONDO:0016746
MONDO:0003703	MONDO:0003704
MONDO:0003711	MONDO:0017827
MONDO:0003779	MONDO:0016683
MONDO:0003793	MONDO:0006485
MONDO:0003794	MONDO:0004398
MONDO:0003797	MONDO:0006480
MONDO:0003798	MONDO:0017387
MONDO:0003807	MONDO:0005032
MONDO:0003814	MONDO:0005017
MONDO:0003815	MONDO:0008283
MONDO:0003817	MONDO:0018368
MONDO:0003823	MONDO:0015698
MONDO:0003833	MONDO:0015974
MONDO:0003838	MONDO:0006069
MONDO:0003854	MONDO:0006469
MONDO:0003855	MONDO:0018369
MONDO:0003871	MONDO:0006301
MONDO:0003877	MONDO:0006132
MONDO:0003883	MONDO:0016728
MONDO:0003914	MONDO:0019254
MONDO:0003919	MONDO:0019052
MONDO:0003920	MONDO:0006229
MONDO:0003949	MONDO:0006140
MONDO:0003961	MONDO:0006138
MONDO:0003974	MONDO:0016757
MONDO:0003977	MONDO:0016688
MONDO:0003981	MONDO:0006142
MONDO:0003986	MONDO:0017814
MONDO:0004002	MONDO:0019035
MONDO:0004003	MONDO:0018525
MONDO:0004011	MONDO:0018961
MONDO:0004018	MONDO:0007256
MONDO:0004023	MONDO:0018666
MONDO:0004025	MONDO:0006426
MONDO:0004029	MONDO:0006482
MONDO:0004031	MONDO:0004032
MONDO:0004033	MONDO:0016248
MONDO:0004036	MONDO:0006459
MONDO:0004061	MONDO:0009637
MONDO:0004068	MONDO:0000001
MONDO:0004070	MONDO:0016689
MONDO:0004072	MONDO:0016687
MONDO:0004073	MONDO:0015613
MONDO:0004084	MONDO:0006200
MONDO:0004097	MONDO:0021090
MONDO:0004113	MONDO:0017600
MONDO:0004115	MONDO:0006219
MONDO:0004119	MONDO:0006197
MONDO:0004121	MONDO:0006390
MONDO:0004123	MONDO:0006265
MONDO:0004137	MONDO:0017814
MONDO:0004138	MONDO:0006297
MONDO:0004154	MONDO:0018843
MONDO:0004157	MONDO:0018523
MONDO:0004167	MONDO:0024386
MONDO:0004171	MONDO:0015528
MONDO:0004179	MONDO:0016707
MONDO:0004228	MONDO:0018555
MONDO:0004246	MONDO:0005833
MONDO:0004282	MONDO:0006189
MONDO:0004300	MONDO:0002631
MONDO:0004342	MONDO:0006479
MONDO:0004347	MONDO:0018523
MONDO:0004362	MONDO:0005917
MONDO:0004388	MONDO:0020513
MONDO:0004395	MONDO:0016702
MONDO:0004399	MONDO:0006458
MONDO:0004424	MONDO:0007672
MONDO:0004434	MONDO:0002299
MONDO:0004437	MONDO:0006409
MONDO:0004470	MONDO:0018381
MONDO:0004476	MONDO:0006452
MONDO:0004480	MONDO:0004481
MONDO:0004490	MONDO:0004491
MONDO:0004515	MONDO:0002722
MONDO:0004527	MONDO:0015528
MONDO:0004536	MONDO:0006141
MONDO:0004553	MONDO:0017853
MONDO:0004576	MONDO:0019975
MONDO:0004581	MONDO:0019562
MONDO:0004587	MONDO:0016293
MONDO:0004589	MONDO:0019118
MONDO:0004590	MONDO:0019118
MONDO:0004595	MONDO:0004598
MONDO:0004602	MONDO:0019735
MONDO:0004606	MONDO:0018824
MONDO:0004610	MONDO:0015454
MONDO:0004623	MONDO:0006234
MONDO:0004632	MONDO:0004952
MONDO:0004654	MONDO:0019168
MONDO:0004655	MONDO:0018872
MONDO:0004676	MONDO:0020074
MONDO:0004683	MONDO:0016030
MONDO:0004688	MONDO:0015194
MONDO:0004692	MONDO:0018805
MONDO:0004704	MONDO:0019053
MONDO:0004711	MONDO:0019065
MONDO:0004721	MONDO:0024477
MONDO:0004722	MONDO:0010518
MONDO:0004734	MONDO:0016028
MONDO:0004738	MONDO:0019228
MONDO:0004740	MONDO:0009388
MONDO:0004771	MONDO:0016989
MONDO:0004776	MONDO:0017210
MONDO:0004783	MONDO:0019591
MONDO:0004791	MONDO:0019245
MONDO:0004793	MONDO:0006003
MONDO:0004798	MONDO:0019618
MONDO:0004807	MONDO:0019122
MONDO:0004809	MONDO:0005689
MONDO:0004814	MONDO:0019293
MONDO:0004818	MONDO:0002546
MONDO:0004823	MONDO:0015661
MONDO:0004825	MONDO:0019956
MONDO:0004839	MONDO:0016755
MONDO:0004850	MONDO:0020502
MONDO:0004870	MONDO:0006626
MONDO:0004887	MONDO:0019170
MONDO:0004906	MONDO:0009249
MONDO:0004908	MONDO:0018116
MONDO:0004912	MONDO:0020121
MONDO:0004914	MONDO:0017388
MONDO:0004915	MONDO:0005076
MONDO:0004916	MONDO:0006906
MONDO:0004921	MONDO:0017882
MONDO:0004935	MONDO:0021162
MONDO:0004945	MONDO:0015691
MONDO:0004954	MONDO:0007650
MONDO:0004955	MONDO:0000816
MONDO:0004968	MONDO:0018871
MONDO:0004978	MONDO:0042981
MONDO:0004998	MONDO:0018447
MONDO:0004999	MONDO:0008977
MONDO:0005000	MONDO:0017885
MONDO:0005014	MONDO:0016367
MONDO:0005018	MONDO:0018905
MONDO:0005022	MONDO:0005590
MONDO:0005024	MONDO:0004849
MONDO:0005038	MONDO:0003847
MONDO:0005054	MONDO:0008054
MONDO:0005064	MONDO:0004796
MONDO:0005069	MONDO:0016158
MONDO:0005088	MONDO:0008383
MONDO:0005107	MONDO:0018902
MONDO:0005158	MONDO:0005010
MONDO:0005162	MONDO:0005812
MONDO:0005171	MONDO:0020076
MONDO:0005199	MONDO:0018920
MONDO:0005205	MONDO:0007915
MONDO:0005209	MONDO:0000607
MONDO:0005218	MONDO:0003939
MONDO:0005222	MONDO:0004655
MONDO:0005225	MONDO:0020320
MONDO:0005226	MONDO:0019458
MONDO:0005228	MONDO:0020325
MONDO:0005234	MONDO:0019127
MONDO:0005237	MONDO:0020562
MONDO:0005239	MONDO:0020563
MONDO:0005241	MONDO:0006639
MONDO:0005243	MONDO:0018912
MONDO:0005245	MONDO:0003669
MONDO:0005259	MONDO:0100610
MONDO:0005261	MONDO:0005258
MONDO:0005263	MONDO:0002009
MONDO:0005268	MONDO:0007699
MONDO:0005270	MONDO:0020128
MONDO:0005273	MONDO:0019454
MONDO:0005274	MONDO:0019157
MONDO:0005285	MONDO:0008171
MONDO:0005317	MONDO:0004790
MONDO:0005329	MONDO:0016982
MONDO:0005330	MONDO:0016982
MONDO:0005331	MONDO:0019796
MONDO:0005332	MONDO:0006238
MONDO:0005337	MONDO:0005244
MONDO:0005343	MONDO:0006011
MONDO:0005353	MONDO:0005689
MONDO:0005360	MONDO:0006345
MONDO:0005368	MONDO:0008114
MONDO:0005370	MONDO:0015925
MONDO:0005378	MONDO:0019100
MONDO:0005389	MONDO:0018646
MONDO:0005390	MONDO:0007263
MONDO:0005400	MONDO:0000190
MONDO:0005403	MONDO:0018360
MONDO:0005409	MONDO:0007012
MONDO:0005410	MONDO:0020546
MONDO:0005415	MONDO:0015796
MONDO:0005421	MONDO:0001560
MONDO:0005422	MONDO:0004665
MONDO:0005423	MONDO:0000082
MONDO:0005427	MONDO:0004648
MONDO:0005428	MONDO:0008219
MONDO:0005431	MONDO:0019810
MONDO:0005442	MONDO:0005016
MONDO:0005443	MONDO:0005016
MONDO:0005444	MONDO:0011989
MONDO:0005450	MONDO:0007179
MONDO:0005455	MONDO:0019087
MONDO:0005456	MONDO:0018695
MONDO:0005457	MONDO:0003763
MONDO:0005458	MONDO:0019186
MONDO:0005472	MONDO:0019512
MONDO:0005474	MONDO:0005061
MONDO:0005513	MONDO:0009354
MONDO:0005521	MONDO:0019345
MONDO:0005529	MONDO:0009609
MONDO:0005540	MONDO:0002169
MONDO:0005547	MONDO:0016711
MONDO:0005548	MONDO:0002728
MONDO:0005553	MONDO:0001223
MONDO:0005562	MONDO:0043765
MONDO:0005573	MONDO:0007179
MONDO:0005577	MONDO:0019371
MONDO:0005587	MONDO:0018908
MONDO:0005600	MONDO:0002752
MONDO:0005603	MONDO:0005184
MONDO:0005604	MONDO:0018689
MONDO:0005612	MONDO:0003355
MONDO:0005622	MONDO:0018882
MONDO:0005633	MONDO:0019383
MONDO:0005637	MONDO:0019355
MONDO:0005646	MONDO:0015200
MONDO:0005653	MONDO:0016466
MONDO:0005666	MONDO:0015274
MONDO:0005681	MONDO:0015265
MONDO:0005685	MONDO:0019082
MONDO:0005686	MONDO:0021641
MONDO:0005702	MONDO:0015908
MONDO:0005703	MONDO:0015943
MONDO:0005713	MONDO:0017361
MONDO:0005719	MONDO:0020753
MONDO:0005726	MONDO:0015484
MONDO:0005727	MONDO:0018769
MONDO:0005731	MONDO:0005838
MONDO:0005732	MONDO:0015260
MONDO:0005733	MONDO:0015636
MONDO:0005735	MONDO:0016472
MONDO:0005760	MONDO:0021045
MONDO:0005781	MONDO:0017879
MONDO:0005782	MONDO:0008585
MONDO:0005793	MONDO:0015288
MONDO:0005795	MONDO:0018312
MONDO:0005816	MONDO:0019209
MONDO:0005818	MONDO:0019480
MONDO:0005839	MONDO:0020500
MONDO:0005840	MONDO:0020334
MONDO:0005860	MONDO:0019136
MONDO:0005869	MONDO:0019147
MONDO:0005877	MONDO:0017776
MONDO:0005882	MONDO:0017137
MONDO:0005889	MONDO:0005812
MONDO:0005897	MONDO:0018626
MONDO:0005924	MONDO:0019121
MONDO:0005926	MONDO:0017373
MONDO:0005930	MONDO:0017416
MONDO:0005931	MONDO:0016318
MONDO:0005934	MONDO:0019169
MONDO:0005935	MONDO:0017376
MONDO:0005948	MONDO:0018181
MONDO:0005951	MONDO:0018903
MONDO:0005955	MONDO:0019365
MONDO:0005958	MONDO:0006055
MONDO:0005992	MONDO:0019444
MONDO:0006016	MONDO:0019376
MONDO:0006017	MONDO:0019380
MONDO:0006020	MONDO:0019610
MONDO:0006023	MONDO:0016505
MONDO:0006048	MONDO:0019954
MONDO:0006051	MONDO:0025506
MONDO:0006057	MONDO:0000951
MONDO:0006063	MONDO:0019214
MONDO:0006064	MONDO:0009116
MONDO:0006070	MONDO:0010643
MONDO:0006072	MONDO:0003185
MONDO:0006080	MONDO:0017590
MONDO:0006083	MONDO:0017603
MONDO:0006084	MONDO:0006646
MONDO:0006089	MONDO:0018017
MONDO:0006099	MONDO:0019461
MONDO:0006100	MONDO:0002829
MONDO:0006101	MONDO:0004053
MONDO:0006110	MONDO:0002751
MONDO:0006113	MONDO:0004114
MONDO:0006114	MONDO:0002760
MONDO:0006127	MONDO:0000525
MONDO:0006129	MONDO:0002571
MONDO:0006147	MONDO:0015687
MONDO:0006148	MONDO:0019451
MONDO:0006171	MONDO:0002096
MONDO:0006175	MONDO:0018907
MONDO:0006177	MONDO:0002141
MONDO:0006194	MONDO:0002747
MONDO:0006204	MONDO:0008177
MONDO:0006205	MONDO:0021039
MONDO:0006236	MONDO:0003256
MONDO:0006240	MONDO:0002789
MONDO:0006242	MONDO:0018666
MONDO:0006251	MONDO:0016039
MONDO:0006252	MONDO:0004299
MONDO:0006253	MONDO:0004278
MONDO:0006259	MONDO:0015534
MONDO:0006263	MONDO:0018310
MONDO:0006269	MONDO:0004726
MONDO:0006293	MONDO:0005853
MONDO:0006296	MONDO:0019024
MONDO:0006299	MONDO:0001095
MONDO:0006305	MONDO:0003910
MONDO:0006310	MONDO:0004957
MONDO:0006318	MONDO:0016985
MONDO:0006319	MONDO:0016984
MONDO:0006331	MONDO:0003792
MONDO:0006332	MONDO:0003507
MONDO:0006333	MONDO:0003481
MONDO:0006334	MONDO:0003581
MONDO:0006338	MONDO:0011366
MONDO:0006341	MONDO:0003795
MONDO:0006342	MONDO:0003494
MONDO:0006361	MONDO:0008231
MONDO:0006370	MONDO:0016722
MONDO:0006371	MONDO:0016723
MONDO:0006376	MONDO:0004684
MONDO:0006379	MONDO:0003308
MONDO:0006384	MONDO:0018842
MONDO:0006399	MONDO:0002729
MONDO:0006415	MONDO:0003198
MONDO:0006425	MONDO:0002894
MONDO:0006431	MONDO:0019462
MONDO:0006433	MONDO:0019475
MONDO:0006434	MONDO:0007667
MONDO:0006437	MONDO:0016037
MONDO:0006439	MONDO:0019392
MONDO:0006440	MONDO:0020332
MONDO:0006441	MONDO:0019468
MONDO:0006443	MONDO:0002522
MONDO:0006445	MONDO:0003508
MONDO:0006448	MONDO:0018193
MONDO:0006449	MONDO:0003402
MONDO:0006453	MONDO:0004122
MONDO:0006454	MONDO:0003493
MONDO:0006457	MONDO:0016975
MONDO:0006461	MONDO:0015075
MONDO:0006465	MONDO:0011836
MONDO:0006472	MONDO:0003184
MONDO:0006473	MONDO:0001419
MONDO:0006492	MONDO:0002210
MONDO:0006494	MONDO:0003240
MONDO:0006495	MONDO:0017604
MONDO:0006501	MONDO:0002406
MONDO:0006503	MONDO:0016227
MONDO:0006508	MONDO:0016021
MONDO:0006511	MONDO:0000158
MONDO:0006518	MONDO:0016079
MONDO:0006529	MONDO:0019337
MONDO:0006535	MONDO:0018746
MONDO:0006538	MONDO:0015614
MONDO:0006542	MONDO:0018747
MONDO:0006562	MONDO:0010302
MONDO:0006568	MONDO:0018830
MONDO:0006575	MONDO:0016566
MONDO:0006587	MONDO:0018063
MONDO:0006588	MONDO:0010962
MONDO:0006623	MONDO:0017227
MONDO:0006627	MONDO:0019124
MONDO:0006628	MONDO:0017844
MONDO:0006657	MONDO:0009025
MONDO:0006661	MONDO:0009412
MONDO:0006667	MONDO:0020322
MONDO:0006675	MONDO:0004225
MONDO:0006689	MONDO:0100347
MONDO:0006691	MONDO:0020572
MONDO:0006695	MONDO:0007303
MONDO:0006697	MONDO:0021697
MONDO:0006703	MONDO:0018301
MONDO:0006707	MONDO:0024388
MONDO:0006719	MONDO:0009761
MONDO:0006724	MONDO:0019373
MONDO:0006725	MONDO:0000960
MONDO:0006750	MONDO:0018153
MONDO:0006756	MONDO:0019025
MONDO:0006768	MONDO:0001561
MONDO:0006772	MONDO:0010598
MONDO:0006775	MONDO:0000889
MONDO:0006776	MONDO:0018935
MONDO:0006785	MONDO:0019167
MONDO:0006788	MONDO:0020366
MONDO:0006818	MONDO:0006733
MONDO:0006819	MONDO:0018477
MONDO:0006822	MONDO:0003345
MONDO:0006832	MONDO:0016358
MONDO:0006852	MONDO:0018059
MONDO:0006860	MONDO:0003036
MONDO:0006867	MONDO:0019783
MONDO:0006870	MONDO:0017124
MONDO:0006885	MONDO:0017255
MONDO:0006902	MONDO:0015742
MONDO:0006906	MONDO:0024686
MONDO:0006910	MONDO:0020528
MONDO:0006911	MONDO:0020552
MONDO:0006914	MONDO:0017364
MONDO:0006928	MONDO:0100450
MONDO:0006942	MONDO:0017768
MONDO:0006943	MONDO:0019125
MONDO:0006954	MONDO:0017767
MONDO:0006958	MONDO:0019266
MONDO:0006959	MONDO:0018304
MONDO:0006985	MONDO:0007667
MONDO:0006991	MONDO:0019198
MONDO:0007003	MONDO:0019805
MONDO:0007010	MONDO:0020283
MONDO:0007026	MONDO:0013209
MONDO:0007063	MONDO:0002422
MONDO:0007065	MONDO:0020458
MONDO:0007069	MONDO:0018690
MONDO:0007076	MONDO:0018138
MONDO:0007081	MONDO:0015243
MONDO:0007117	MONDO:0033946
MONDO:0007140	MONDO:8000010
MONDO:0007146	MONDO:0008807
MONDO:0007196	MONDO:0001187
MONDO:0007255	MONDO:0005575
MONDO:0007262	MONDO:0006689
MONDO:0007291	MONDO:0031037
MONDO:0007292	MONDO:0017388
MONDO:0007299	MONDO:0019349
MONDO:0007324	MONDO:0001595
MONDO:0007326	MONDO:0700089
MONDO:0007394	MONDO:0009031
MONDO:0007419	MONDO:0007418
MONDO:0007455	MONDO:0005148
MONDO:0007484	MONDO:0000736
MONDO:0007494	MONDO:0100352
MONDO:0007575	MONDO:0017851
MONDO:0007582	MONDO:0019570
MONDO:0007596	MONDO:0010602
MONDO:0007611	MONDO:0000200
MONDO:0007613	MONDO:0006761
MONDO:0007632	MONDO:0002399
MONDO:0007658	MONDO:0044793
MONDO:0007665	MONDO:0100553
MONDO:0007684	MONDO:0010600
MONDO:0007703	MONDO:0009327
MONDO:0007736	MONDO:0011382
MONDO:0007749	MONDO:0000212
MONDO:0007780	MONDO:0800025
MONDO:0007786	MONDO:0016381
MONDO:0007798	MONDO:1010154
MONDO:0007806	MONDO:0100522
MONDO:0007815	MONDO:0007818
MONDO:0007828	MONDO:0958106
MONDO:0007889	MONDO:0021582
MONDO:0007897	MONDO:0004948
MONDO:0007903	MONDO:0018875
MONDO:0007926	MONDO:0100280
MONDO:0007928	MONDO:0007954
MONDO:0007929	MONDO:0007954
MONDO:0007954	MONDO:0015912
MONDO:0007960	MONDO:0100354
MONDO:0007978	MONDO:0006292
MONDO:0008032	MONDO:0012215
MONDO:0008033	MONDO:0021569
MONDO:0008042	MONDO:0008945
MONDO:0008077	MONDO:0018975
MONDO:0008112	MONDO:0015397
MONDO:0008117	MONDO:0020793
MONDO:0008120	MONDO:0016163
MONDO:0008122	MONDO:0011781
MONDO:0008144	MONDO:0017178
MONDO:0008279	MONDO:0021055
MONDO:0008284	MONDO:0017790
MONDO:0008360	MONDO:0017985
MONDO:0008370	MONDO:0009979
MONDO:0008413	MONDO:0005090
MONDO:0008415	MONDO:0010505
MONDO:0008431	MONDO:0018382
MONDO:0008448	MONDO:0012215
MONDO:0008480	MONDO:0031169
MONDO:0008539	MONDO:0016675
MONDO:0008549	MONDO:0979242
MONDO:0008550	MONDO:0008551
MONDO:0008631	MONDO:0018470
MONDO:0008646	MONDO:0100316
MONDO:0008656	MONDO:8000018
MONDO:0008657	MONDO:0007447
MONDO:0008664	MONDO:0006928
MONDO:0008674	MONDO:0023880
MONDO:0008784	MONDO:0020108
MONDO:0008804	MONDO:0010530
MONDO:0008805	MONDO:0017991
MONDO:0008820	MONDO:0014243
MONDO:0008851	MONDO:0005260
MONDO:0008852	MONDO:0800026
MONDO:0008897	MONDO:0100251
MONDO:0008929	MONDO:0023910
MONDO:0008940	MONDO:0013722
MONDO:0008942	MONDO:0011781
MONDO:0008952	MONDO:0031329
MONDO:0008956	MONDO:0009744
MONDO:0008987	MONDO:0007329
MONDO:0008997	MONDO:0019569
MONDO:0009004	MONDO:0014353
MONDO:0009011	MONDO:0015167
MONDO:0009023	MONDO:0000902
MONDO:0009027	MONDO:0007402
MONDO:0009065	MONDO:0100151
MONDO:0009068	MONDO:0033885
MONDO:0009078	MONDO:0002441
MONDO:0009096	MONDO:0800027
MONDO:0009116	MONDO:0100345
MONDO:0009160	MONDO:0016002
MONDO:0009245	MONDO:0100339
MONDO:0009278	MONDO:0012382
MONDO:0009289	MONDO:0009288
MONDO:0009304	MONDO:0012853
MONDO:0009314	MONDO:0100186
MONDO:0009316	MONDO:0022316
MONDO:0009322	MONDO:0006778
MONDO:0009325	MONDO:0100229
MONDO:0009410	MONDO:0015129
MONDO:0009427	MONDO:1010169
MONDO:0009428	MONDO:1010168
MONDO:0009466	MONDO:0023961
MONDO:0009494	MONDO:0008774
MONDO:0009510	MONDO:0100211
MONDO:0009586	MONDO:0013621
MONDO:0009639	MONDO:0016825
MONDO:0009640	MONDO:0100223
MONDO:0009641	MONDO:0100294
MONDO:0009651	MONDO:0018931
MONDO:0009700	MONDO:0031415
MONDO:0009730	MONDO:0009738
MONDO:0009739	MONDO:0024457
MONDO:0009799	MONDO:0016620
MONDO:0009812	MONDO:0009821
MONDO:0009819	MONDO:0019409
MONDO:0009834	MONDO:0009479
MONDO:0009977	MONDO:0800166
MONDO:0009981	MONDO:0008377
MONDO:0009989	MONDO:0100288
MONDO:0009991	MONDO:0019107
MONDO:0009997	MONDO:0100253
MONDO:0010009	MONDO:0100282
MONDO:0010059	MONDO:0014806
MONDO:0010061	MONDO:0013931
MONDO:0010071	MONDO:0011939
MONDO:0010107	MONDO:8000017
MONDO:0010119	MONDO:0031332
MONDO:0010143	MONDO:0800042
MONDO:0010195	MONDO:0008490
MONDO:0010202	MONDO:0010518
MONDO:0010204	MONDO:0800449
MONDO:0010205	MONDO:0019148
MONDO:0010240	MONDO:0019154
MONDO:0010272	MONDO:0010327
MONDO:0010291	MONDO:0019154
MONDO:0010303	MONDO:0000170
MONDO:0010345	MONDO:0017304
MONDO:0010346	MONDO:0010317
MONDO:0010357	MONDO:0010656
MONDO:0010368	MONDO:0010386
MONDO:0010372	MONDO:0030914
MONDO:0010376	MONDO:0010407
MONDO:0010387	MONDO:0010386
MONDO:0010394	MONDO:0010275
MONDO:0010419	MONDO:0020721
MONDO:0010445	MONDO:0018945
MONDO:0010470	MONDO:0014343
MONDO:0010513	MONDO:0010258
MONDO:0010527	MONDO:0010671
MONDO:0010530	MONDO:0001046
MONDO:0010553	MONDO:0010549
MONDO:0010593	MONDO:0015942
MONDO:0010595	MONDO:0056795
MONDO:0010609	MONDO:0016294
MONDO:0010616	MONDO:0009421
MONDO:0010624	MONDO:0100213
MONDO:0010666	MONDO:0010758
MONDO:0010701	MONDO:0010578
MONDO:0010715	MONDO:0010720
MONDO:0010724	MONDO:0000910
MONDO:0010760	MONDO:0009826
MONDO:0010766	MONDO:0100250
MONDO:0010783	MONDO:0100295
MONDO:0010845	MONDO:0007954
MONDO:0010892	MONDO:0000863
MONDO:0010934	MONDO:0000912
MONDO:0010935	MONDO:0015353
MONDO:0010957	MONDO:0032738
MONDO:0010975	MONDO:0011484
MONDO:0011108	MONDO:0800043
MONDO:0011127	MONDO:0100344
MONDO:0011140	MONDO:0011904
MONDO:0011271	MONDO:0100100
MONDO:0011278	MONDO:0018805
MONDO:0011292	MONDO:0004980
MONDO:0011293	MONDO:0004743
MONDO:0011324	MONDO:0008885
MONDO:0011328	MONDO:0018098
MONDO:0011329	MONDO:0033613
MONDO:0011333	MONDO:0014165
MONDO:0011379	MONDO:0008073
MONDO:0011380	MONDO:0800448
MONDO:0011394	MONDO:0018855
MONDO:0011447	MONDO:0000215
MONDO:0011495	MONDO:0018310
MONDO:0011499	MONDO:0014700
MONDO:0011515	MONDO:0017884
MONDO:0011526	MONDO:0007954
MONDO:0011623	MONDO:0018996
MONDO:0011643	MONDO:0100164
MONDO:0011645	MONDO:0018815
MONDO:0011649	MONDO:0800268
MONDO:0011665	MONDO:0016532
MONDO:0011666	MONDO:0018911
MONDO:0011692	MONDO:0024538
MONDO:0011707	MONDO:0800028
MONDO:0011769	MONDO:0019625
MONDO:0011791	MONDO:0019588
MONDO:0011794	MONDO:0100135
MONDO:0011859	MONDO:0011362
MONDO:0011865	MONDO:0008289
MONDO:0011878	MONDO:0007764
MONDO:0011893	MONDO:0011226
MONDO:0011905	MONDO:0031446
MONDO:0011910	MONDO:0019947
MONDO:0011940	MONDO:0000070
MONDO:0011947	MONDO:0024633
MONDO:0011961	MONDO:0044720
MONDO:0012017	MONDO:0700325
MONDO:0012018	MONDO:0008409
MONDO:0012026	MONDO:0018959
MONDO:0012065	MONDO:0018229
MONDO:0012070	MONDO:0013753
MONDO:0012189	MONDO:0018274
MONDO:0012201	MONDO:0011806
MONDO:0012234	MONDO:0007903
MONDO:0012279	MONDO:0009690
MONDO:0012281	MONDO:0008523
MONDO:0012332	MONDO:0800046
MONDO:0012356	MONDO:0008073
MONDO:0012372	MONDO:0007617
MONDO:0012461	MONDO:0011846
MONDO:0012560	MONDO:0011888
MONDO:0012616	MONDO:0013676
MONDO:0012632	MONDO:0011401
MONDO:0012633	MONDO:0005136
MONDO:0012647	MONDO:0011891
MONDO:0012649	MONDO:0044871
MONDO:0013019	MONDO:0019666
MONDO:0013126	MONDO:0000909
MONDO:0013141	MONDO:0800046
MONDO:0013270	MONDO:0100040
MONDO:0013346	MONDO:0100215
MONDO:0013347	MONDO:0001056
MONDO:0013399	MONDO:0000911
MONDO:0013451	MONDO:0011835
MONDO:0013494	MONDO:0100226
MONDO:0013596	MONDO:0008060
MONDO:0013617	MONDO:0013357
MONDO:0013647	MONDO:0031481
MONDO:0013667	MONDO:0018881
MONDO:0013676	MONDO:0100255
MONDO:0013701	MONDO:0016396
MONDO:0013736	MONDO:0008048
MONDO:0013804	MONDO:0007617
MONDO:0013809	MONDO:0044720
MONDO:0013816	MONDO:0019014
MONDO:0013850	MONDO:0044660
MONDO:0013861	MONDO:0010936
MONDO:0013935	MONDO:0012273
MONDO:0013958	MONDO:0009194
MONDO:0014109	MONDO:0800044
MONDO:0014129	MONDO:0011076
MONDO:0014188	MONDO:0024568
MONDO:0014279	MONDO:0000908
MONDO:0014315	MONDO:0017400
MONDO:0014463	MONDO:0000208
MONDO:0014554	MONDO:0024189
MONDO:0014610	MONDO:0009477
MONDO:0014655	MONDO:0034022
MONDO:0014695	MONDO:0014368
MONDO:0014721	MONDO:0000913
MONDO:0014761	MONDO:0800045
MONDO:0014812	MONDO:0018820
MONDO:0014834	MONDO:0044637
MONDO:0014849	MONDO:0012091
MONDO:0014852	MONDO:0014089
MONDO:0014866	MONDO:0044640
MONDO:0014897	MONDO:0024193
MONDO:0014913	MONDO:0044300
MONDO:0014964	MONDO:0044646
MONDO:0014978	MONDO:1010200
MONDO:0014988	MONDO:0044723
MONDO:0015058	MONDO:0006015
MONDO:0015076	MONDO:0021360
MONDO:0015077	MONDO:0021227
MONDO:0015078	MONDO:0024503
MONDO:0015080	MONDO:0005197
MONDO:0015098	MONDO:0010029
MONDO:0015105	MONDO:0024472
MONDO:0015106	MONDO:0000001
MONDO:0015107	MONDO:0005328
MONDO:0015112	MONDO:0002356
MONDO:0015113	MONDO:0000001
MONDO:0015114	MONDO:0000001
MONDO:0015115	MONDO:0005066
MONDO:0015116	MONDO:0004868
MONDO:0015117	MONDO:0002514
MONDO:0015120	MONDO:0000001
MONDO:0015121	MONDO:0021220
MONDO:0015122	MONDO:0005015
MONDO:0015123	MONDO:0002525
MONDO:0015124	MONDO:0005495
MONDO:0015125	MONDO:0003240
MONDO:0015138	MONDO:0003778
MONDO:0015139	MONDO:0005027
MONDO:0015142	MONDO:0000437
MONDO:0015143	MONDO:0005395
MONDO:0015154	MONDO:0006956
MONDO:0015155	MONDO:0001195
MONDO:0015156	MONDO:0001246
MONDO:0015162	MONDO:0000508
MONDO:0015184	MONDO:0021189
MONDO:0015186	MONDO:0021118
MONDO:0015187	MONDO:0005265
MONDO:0015189	MONDO:0003198
MONDO:0015190	MONDO:0003360
MONDO:0015202	MONDO:0005661
MONDO:0015223	MONDO:0002280
MONDO:0015224	MONDO:0029000
MONDO:0015238	MONDO:0011323
MONDO:0015242	MONDO:0005657
MONDO:0015245	MONDO:0005020
MONDO:0015251	MONDO:0005662
MONDO:0015258	MONDO:0005498
MONDO:0015266	MONDO:0005683
MONDO:0015276	MONDO:0008315
MONDO:0015287	MONDO:0005198
MONDO:0015309	MONDO:0000107
MONDO:0015328	MONDO:0005497
MONDO:0015373	MONDO:0009964
MONDO:0015398	MONDO:0015397
MONDO:0015423	MONDO:0006468
MONDO:0015429	MONDO:0022737
MONDO:0015442	MONDO:0003582
MONDO:0015444	MONDO:0007340
MONDO:0015456	MONDO:0005077
MONDO:0015460	MONDO:0006639
MONDO:0015470	MONDO:0700335
MONDO:0015472	MONDO:0005724
MONDO:0015507	MONDO:0005154
MONDO:0015510	MONDO:0005087
MONDO:0015511	MONDO:0021145
MONDO:0015513	MONDO:0005151
MONDO:0015522	MONDO:0018677
MONDO:0015549	MONDO:0005570
MONDO:0015561	MONDO:0020334
MONDO:0015563	MONDO:0010563
MONDO:0015575	MONDO:0005113
MONDO:0015576	MONDO:0005108
MONDO:0015577	MONDO:0005135
MONDO:0015578	MONDO:0002041
MONDO:0015582	MONDO:0024575
MONDO:0015598	MONDO:0013626
MONDO:0015615	MONDO:0004335
MONDO:0015616	MONDO:0005020
MONDO:0015618	MONDO:0002356
MONDO:0015621	MONDO:0000001
MONDO:0015633	MONDO:0010535
MONDO:0015670	MONDO:0004994
MONDO:0015671	MONDO:0005504
MONDO:0015673	MONDO:0021209
MONDO:0015676	MONDO:0000193
MONDO:0015680	MONDO:0000594
MONDO:0015684	MONDO:0005512
MONDO:0015685	MONDO:0006363
MONDO:0015693	MONDO:0005710
MONDO:0015747	MONDO:0012189
MONDO:0015750	MONDO:0008771
MONDO:0015754	MONDO:0008058
MONDO:0015815	MONDO:0006383
MONDO:0015862	MONDO:0005440
MONDO:0015865	MONDO:0000645
MONDO:0015866	MONDO:0002158
MONDO:0015868	MONDO:0021100
MONDO:0015869	MONDO:0000620
MONDO:0015870	MONDO:0007254
MONDO:0015872	MONDO:0004150
MONDO:0015882	MONDO:0021040
MONDO:0015886	MONDO:0005147
MONDO:0015893	MONDO:0005420
MONDO:0015894	MONDO:0004425
MONDO:0015896	MONDO:0001220
MONDO:0015897	MONDO:0001741
MONDO:0015899	MONDO:0001422
MONDO:0015901	MONDO:0021187
MONDO:0015904	MONDO:0000001
MONDO:0015906	MONDO:0000001
MONDO:0015910	MONDO:0003664
MONDO:0015911	MONDO:0003664
MONDO:0015917	MONDO:0100342
MONDO:0015918	MONDO:0005559
MONDO:0015931	MONDO:0005070
MONDO:0015936	MONDO:0002082
MONDO:0015940	MONDO:0005554
MONDO:0015946	MONDO:0000001
MONDO:0015948	MONDO:0000001
MONDO:0015949	MONDO:0000001
MONDO:0015952	MONDO:0024237
MONDO:0015954	MONDO:0021146
MONDO:0015955	MONDO:0005027
MONDO:0015956	MONDO:0000557
MONDO:0015957	MONDO:0005395
MONDO:0015958	MONDO:0005381
MONDO:0015959	MONDO:0005070
MONDO:0015960	MONDO:0021147
MONDO:0015969	MONDO:0003240
MONDO:0015971	MONDO:0005495
MONDO:0015972	MONDO:0002280
MONDO:0015973	MONDO:0021181
MONDO:0015980	MONDO:0002263
MONDO:0015982	MONDO:0001071
MONDO:0015983	MONDO:0000508
MONDO:0015984	MONDO:0005046
MONDO:0015989	MONDO:0010753
MONDO:0015992	MONDO:0000455
MONDO:0015996	MONDO:0001956
MONDO:0016021	MONDO:0800491
MONDO:0016022	MONDO:0800491
MONDO:0016023	MONDO:0001476
MONDO:0016025	MONDO:0014633
MONDO:0016036	MONDO:0004684
MONDO:0016050	MONDO:0011841
MONDO:0016061	MONDO:0012350
MONDO:0016074	MONDO:0005164
MONDO:0016076	MONDO:0005761
MONDO:0016084	MONDO:0009044
MONDO:0016119	MONDO:0009637
MONDO:0016173	MONDO:0700415
MONDO:0016174	MONDO:0700416
MONDO:0016212	MONDO:0005725
MONDO:0016228	MONDO:0024296
MONDO:0016234	MONDO:0001256
MONDO:0016245	MONDO:0008170
MONDO:0016246	MONDO:0002752
MONDO:0016250	MONDO:0004988
MONDO:0016251	MONDO:0003185
MONDO:0016252	MONDO:0002715
MONDO:0016253	MONDO:0004992
MONDO:0016257	MONDO:0002878
MONDO:0016261	MONDO:0005210
MONDO:0016265	MONDO:0006745
MONDO:0016274	MONDO:0002974
MONDO:0016275	MONDO:0005153
MONDO:0016278	MONDO:0002877
MONDO:0016279	MONDO:0002876
MONDO:0016286	MONDO:0006133
MONDO:0016287	MONDO:0006132
MONDO:0016288	MONDO:0004542
MONDO:0016300	MONDO:0000153
MONDO:0016313	MONDO:0005086
MONDO:0016314	MONDO:0005192
MONDO:0016317	MONDO:0021081
MONDO:0016324	MONDO:0005045
MONDO:0016339	MONDO:0005201
MONDO:0016347	MONDO:0007263
MONDO:0016352	MONDO:0700418
MONDO:0016355	MONDO:0700419
MONDO:0016363	MONDO:0006507
MONDO:0016388	MONDO:0021054
MONDO:0016389	MONDO:0005062
MONDO:0016393	MONDO:0011323
MONDO:0016415	MONDO:0000133
MONDO:0016427	MONDO:0005706
MONDO:0016465	MONDO:0009465
MONDO:0016517	MONDO:0005385
MONDO:0016519	MONDO:0000136
MONDO:0016538	MONDO:0011669
MONDO:0016569	MONDO:0002013
MONDO:0016585	MONDO:0005838
MONDO:0016590	MONDO:0005220
MONDO:0016597	MONDO:0013626
MONDO:0016606	MONDO:0700424
MONDO:0016623	MONDO:0001639
MONDO:0016627	MONDO:0002243
MONDO:0016640	MONDO:0000845
MONDO:0016645	MONDO:0023370
MONDO:0016676	MONDO:0011174
MONDO:0016679	MONDO:0021193
MONDO:0016694	MONDO:0006372
MONDO:0016714	MONDO:0005035
MONDO:0016716	MONDO:0003144
MONDO:0016720	MONDO:0002684
MONDO:0016725	MONDO:0006369
MONDO:0016728	MONDO:0006131
MONDO:0016732	MONDO:0005505
MONDO:0016737	MONDO:0005033
MONDO:0016741	MONDO:0002718
MONDO:0016753	MONDO:0002546
MONDO:0016754	MONDO:0001569
MONDO:0016766	MONDO:0006572
MONDO:0016805	MONDO:0000066
MONDO:0016808	MONDO:0014943
MONDO:0016813	MONDO:0005846
MONDO:0016849	MONDO:0009726
MONDO:0016886	MONDO:0022762
MONDO:0016891	MONDO:0008013
MONDO:0016895	MONDO:0022754
MONDO:0016896	MONDO:0007800
MONDO:0016900	MONDO:0022756
MONDO:0016916	MONDO:0011147
MONDO:0016920	MONDO:0022760
MONDO:0016926	MONDO:0000127
MONDO:0016946	MONDO:0016526
MONDO:0016962	MONDO:0022173
MONDO:0016963	MONDO:0022177
MONDO:0016973	MONDO:0002588
MONDO:0016992	MONDO:0024548
MONDO:0017049	MONDO:0700428
MONDO:0017099	MONDO:0001347
MONDO:0017115	MONDO:0000110
MONDO:0017125	MONDO:0010261
MONDO:0017132	MONDO:0007100
MONDO:0017147	MONDO:0001999
MONDO:0017208	MONDO:0006806
MONDO:0017253	MONDO:0006651
MONDO:0017254	MONDO:0001280
MONDO:0017288	MONDO:0100216
MONDO:0017293	MONDO:0004114
MONDO:0017308	MONDO:0012427
MONDO:0017333	MONDO:0700282
MONDO:0017358	MONDO:0000688
MONDO:0017367	MONDO:0008260
MONDO:0017371	MONDO:0005586
MONDO:0017374	MONDO:0011348
MONDO:0017412	MONDO:0013363
MONDO:0017414	MONDO:0005073
MONDO:0017605	MONDO:0003266
MONDO:0017606	MONDO:0005769
MONDO:0017608	MONDO:0006543
MONDO:0017632	MONDO:0024477
MONDO:0017644	MONDO:0005395
MONDO:0017645	MONDO:0005395
MONDO:0017650	MONDO:0005395
MONDO:0017660	MONDO:0021095
MONDO:0017664	MONDO:0017663
MONDO:0017681	MONDO:0017851
MONDO:0017702	MONDO:0010613
MONDO:0017707	MONDO:0002525
MONDO:0017751	MONDO:0005942
MONDO:0017777	MONDO:0006941
MONDO:0017796	MONDO:0006079
MONDO:0017797	MONDO:0021192
MONDO:0017821	MONDO:0003429
MONDO:0017848	MONDO:0022174
MONDO:0017873	MONDO:0005737
MONDO:0017883	MONDO:0003010
MONDO:0017889	MONDO:0003011
MONDO:0017908	MONDO:0017658
MONDO:0017911	MONDO:0009151
MONDO:0017938	MONDO:0010560
MONDO:0017959	MONDO:0009726
MONDO:0017960	MONDO:0009726
MONDO:0017982	MONDO:0009356
MONDO:0018012	MONDO:0005526
MONDO:0018049	MONDO:0005055
MONDO:0018052	MONDO:0008572
MONDO:0018057	MONDO:0005988
MONDO:0018074	MONDO:0001444
MONDO:0018080	MONDO:0005040
MONDO:0018099	MONDO:0005116
MONDO:0018139	MONDO:0006606
MONDO:0018140	MONDO:0006687
MONDO:0018176	MONDO:0000087
MONDO:0018179	MONDO:0001881
MONDO:0018194	MONDO:0003125
MONDO:0018195	MONDO:0002873
MONDO:0018196	MONDO:0010108
MONDO:0018222	MONDO:0010402
MONDO:0018238	MONDO:0005381
MONDO:0018251	MONDO:0700291
MONDO:0018272	MONDO:0003795
MONDO:0018275	MONDO:0018274
MONDO:0018279	MONDO:1040033
MONDO:0018297	MONDO:0014176
MONDO:0018300	MONDO:0016525
MONDO:0018303	MONDO:0000476
MONDO:0018313	MONDO:0006486
MONDO:0018331	MONDO:0044807
MONDO:0018335	MONDO:0021660
MONDO:0018337	MONDO:0700371
MONDO:0018347	MONDO:0010656
MONDO:0018348	MONDO:0014389
MONDO:0018350	MONDO:0001325
MONDO:0018351	MONDO:0002653
MONDO:0018366	MONDO:0005601
MONDO:0018367	MONDO:0006045
MONDO:0018372	MONDO:0005380
MONDO:0018399	MONDO:0018398
MONDO:0018404	MONDO:0005372
MONDO:0018410	MONDO:0021124
MONDO:0018415	MONDO:0005802
MONDO:0018427	MONDO:0006210
MONDO:0018441	MONDO:0005789
MONDO:0018452	MONDO:0013626
MONDO:0018466	MONDO:0008199
MONDO:0018478	MONDO:0002474
MONDO:0018482	MONDO:0006230
MONDO:0018497	MONDO:0001292
MONDO:0018501	MONDO:0004950
MONDO:0018505	MONDO:0004251
MONDO:0018508	MONDO:0005522
MONDO:0018512	MONDO:0024479
MONDO:0018514	MONDO:0024476
MONDO:0018517	MONDO:0007108
MONDO:0018518	MONDO:0002735
MONDO:0018519	MONDO:0004132
MONDO:0018522	MONDO:0006346
MONDO:0018524	MONDO:0004285
MONDO:0018526	MONDO:0003630
MONDO:0018527	MONDO:0006479
MONDO:0018557	MONDO:0001292
MONDO:0018568	MONDO:0054559
MONDO:0018578	MONDO:0000044
MONDO:0018580	MONDO:1060108
MONDO:0018584	MONDO:0005919
MONDO:0018619	MONDO:0005803
MONDO:0018622	MONDO:0005563
MONDO:0018641	MONDO:0100245
MONDO:0018650	MONDO:0014225
MONDO:0018651	MONDO:0060562
MONDO:0018691	MONDO:0006335
MONDO:0018693	MONDO:0006825
MONDO:0018704	MONDO:0005631
MONDO:0018706	MONDO:0054741
MONDO:0018707	MONDO:0005006
MONDO:0018726	MONDO:0003832
MONDO:0018728	MONDO:0016231
MONDO:0018750	MONDO:0010480
MONDO:0018758	MONDO:0011827
MONDO:0018773	MONDO:0976133
MONDO:0018774	MONDO:0014355
MONDO:0018782	MONDO:0700264
MONDO:0018785	MONDO:0004187
MONDO:0018786	MONDO:0032814
MONDO:0018799	MONDO:0000001
MONDO:0018812	MONDO:0044300
MONDO:0018819	MONDO:0009526
MONDO:0018823	MONDO:0010500
MONDO:0018825	MONDO:0014632
MONDO:0018834	MONDO:0014877
MONDO:0018836	MONDO:0006614
MONDO:0018859	MONDO:0009723
MONDO:0018862	MONDO:0005692
MONDO:0018863	MONDO:0005825
MONDO:0018867	MONDO:0009563
MONDO:0018886	MONDO:0005828
MONDO:0018887	MONDO:0005282
MONDO:0018888	MONDO:0000733
MONDO:0018909	MONDO:0005823
MONDO:0018915	MONDO:0006913
MONDO:0018917	MONDO:0007947
MONDO:0018928	MONDO:0005154
MONDO:0018934	MONDO:0001586
MONDO:0018966	MONDO:0000050
MONDO:0018970	MONDO:0006558
MONDO:0018985	MONDO:0005991
MONDO:0018986	MONDO:0005058
MONDO:0018990	MONDO:0005933
MONDO:0019001	MONDO:0011841
MONDO:0019014	MONDO:0100296
MONDO:0019021	MONDO:0006906
MONDO:0019030	MONDO:0005629
MONDO:0019041	MONDO:0005070
MONDO:0019043	MONDO:0005093
MONDO:0019045	MONDO:0003406
MONDO:0019047	MONDO:0005365
MONDO:0019048	MONDO:0005385
MONDO:0019049	MONDO:0003441
MONDO:0019051	MONDO:0002561
MONDO:0019055	MONDO:0004069
MONDO:0019057	MONDO:0001713
MONDO:0019059	MONDO:0021095
MONDO:0019062	MONDO:0005550
MONDO:0019069	MONDO:0002728
MONDO:0019070	MONDO:0005060
MONDO:0019081	MONDO:0008757
MONDO:0019089	MONDO:0006502
MONDO:0019090	MONDO:0006851
MONDO:0019096	MONDO:0005149
MONDO:0019099	MONDO:0006424
MONDO:0019106	MONDO:0006183
MONDO:0019110	MONDO:0020676
MONDO:0019123	MONDO:0800501
MONDO:0019135	MONDO:0005894
MONDO:0019163	MONDO:0009925
MONDO:0019166	MONDO:0005974
MONDO:0019176	MONDO:0008596
MONDO:0019184	MONDO:0005645
MONDO:0019185	MONDO:0005212
MONDO:0019206	MONDO:0008562
MONDO:0019217	MONDO:0004739
MONDO:0019221	MONDO:0000456
MONDO:0019224	MONDO:0000698
MONDO:0019244	MONDO:0002412
MONDO:0019247	MONDO:0001807
MONDO:0019273	MONDO:0006602
MONDO:0019279	MONDO:0004907
MONDO:0019291	MONDO:0021154
MONDO:0019298	MONDO:0005492
MONDO:0019302	MONDO:0010674
MONDO:0019331	MONDO:0000827
MONDO:0019341	MONDO:0001734
MONDO:0019343	MONDO:0005854
MONDO:0019352	MONDO:0005968
MONDO:0019361	MONDO:0005677
MONDO:0019363	MONDO:0000330
MONDO:0019379	MONDO:0005969
MONDO:0019381	MONDO:0005736
MONDO:0019382	MONDO:0005708
MONDO:0019398	MONDO:0100100
MONDO:0019400	MONDO:0003669
MONDO:0019425	MONDO:0010574
MONDO:0019442	MONDO:0005715
MONDO:0019459	MONDO:0006861
MONDO:0019477	MONDO:0004977
MONDO:0019481	MONDO:0005764
MONDO:0019482	MONDO:0004380
MONDO:0019486	MONDO:0100566
MONDO:0019491	MONDO:0001071
MONDO:0019492	MONDO:0007608
MONDO:0019495	MONDO:0005744
MONDO:0019510	MONDO:0020726
MONDO:0019511	MONDO:0008073
MONDO:0019515	MONDO:0001627
MONDO:0019519	MONDO:0005093
MONDO:0019523	MONDO:0000171
MONDO:0019539	MONDO:0006952
MONDO:0019564	MONDO:0005100
MONDO:0019566	MONDO:0007864
MONDO:0019592	MONDO:0002145
MONDO:0019598	MONDO:0010383
MONDO:0019616	MONDO:0002999
MONDO:0019663	MONDO:0013127
MONDO:0019664	MONDO:0013127
MONDO:0019683	MONDO:0021651
MONDO:0019684	MONDO:0005381
MONDO:0019686	MONDO:0022800
MONDO:0019687	MONDO:0800087
MONDO:0019700	MONDO:0800086
MONDO:0019703	MONDO:0800084
MONDO:0019706	MONDO:0800088
MONDO:0019708	MONDO:0800089
MONDO:0019710	MONDO:0800085
MONDO:0019715	MONDO:0800095
MONDO:0019749	MONDO:0021163
MONDO:0019750	MONDO:0005240
MONDO:0019775	MONDO:0010663
MONDO:0019777	MONDO:0010663
MONDO:0019778	MONDO:0010663
MONDO:0019785	MONDO:0013256
MONDO:0019812	MONDO:0007001
MONDO:0019842	MONDO:0006908
MONDO:0019850	MONDO:0000088
MONDO:0019863	MONDO:0011812
MONDO:0019946	MONDO:0009009
MONDO:0019958	MONDO:0005048
MONDO:0019961	MONDO:0006976
MONDO:0019965	MONDO:0000646
MONDO:0019966	MONDO:0005979
MONDO:0019968	MONDO:0004241
MONDO:0019974	MONDO:0001945
MONDO:0019996	MONDO:0005267
MONDO:0019997	MONDO:0000001
MONDO:0020000	MONDO:0005087
MONDO:0020002	MONDO:0000001
MONDO:0020003	MONDO:0000001
MONDO:0020004	MONDO:0005328
MONDO:0020005	MONDO:0005151
MONDO:0020006	MONDO:0005570
MONDO:0020008	MONDO:0005046
MONDO:0020009	MONDO:0005071
MONDO:0020011	MONDO:0021146
MONDO:0020015	MONDO:0004995
MONDO:0020017	MONDO:0024623
MONDO:0020024	MONDO:0005047
MONDO:0020025	MONDO:0005372
MONDO:0020026	MONDO:0021124
MONDO:0020027	MONDO:0005271
MONDO:0020028	MONDO:0000771
MONDO:0020029	MONDO:0005267
MONDO:0020030	MONDO:0005240
MONDO:0020031	MONDO:0005070
MONDO:0020032	MONDO:0021066
MONDO:0020033	MONDO:0021223
MONDO:0020034	MONDO:0020641
MONDO:0020036	MONDO:0021248
MONDO:0020037	MONDO:0021148
MONDO:0020079	MONDO:0004959
MONDO:0020080	MONDO:0006247
MONDO:0020085	MONDO:0007950
MONDO:0020086	MONDO:0002429
MONDO:0020100	MONDO:0003664
MONDO:0020114	MONDO:0005571
MONDO:0020116	MONDO:0001531
MONDO:0020126	MONDO:0005244
MONDO:0020151	MONDO:0003382
MONDO:0020166	MONDO:0008537
MONDO:0020171	MONDO:0002235
MONDO:0020175	MONDO:0021313
MONDO:0020192	MONDO:0001854
MONDO:0020198	MONDO:0002932
MONDO:0020224	MONDO:0005129
MONDO:0020239	MONDO:0001703
MONDO:0020255	MONDO:0001309
MONDO:0020256	MONDO:0700463
MONDO:0020299	MONDO:0011694
MONDO:0020300	MONDO:0000030
MONDO:0020306	MONDO:0008572
MONDO:0020309	MONDO:0009509
MONDO:0020312	MONDO:0004653
MONDO:0020314	MONDO:0005272
MONDO:0020319	MONDO:0005224
MONDO:0020327	MONDO:0004665
MONDO:0020328	MONDO:0004633
MONDO:0020329	MONDO:0004604
MONDO:0020330	MONDO:0004620
MONDO:0020335	MONDO:0009887
MONDO:0020342	MONDO:0008070
MONDO:0020345	MONDO:0700466
MONDO:0020350	MONDO:0005851
MONDO:0020358	MONDO:0007354
MONDO:0020375	MONDO:0007282
MONDO:0020471	MONDO:0006373
MONDO:0020498	MONDO:0005820
MONDO:0020503	MONDO:0032819
MONDO:0020514	MONDO:0006456
MONDO:0020515	MONDO:0006451
MONDO:0020522	MONDO:0040501
MONDO:0020534	MONDO:0001971
MONDO:0020536	MONDO:0005668
MONDO:0020548	MONDO:0008109
MONDO:0020551	MONDO:0006248
MONDO:0020564	MONDO:0005103
MONDO:0020565	MONDO:0005028
MONDO:0020566	MONDO:0003345
MONDO:0020570	MONDO:0005680
MONDO:0020643	MONDO:0800416
MONDO:0020659	MONDO:0020654
MONDO:0020668	MONDO:0010047
MONDO:0020700	MONDO:0000208
MONDO:0020719	MONDO:0018309
MONDO:0020732	MONDO:0015333
MONDO:0020742	MONDO:0008926
MONDO:0020758	MONDO:0037872
MONDO:0020802	MONDO:0020804
MONDO:0020810	MONDO:0020628
MONDO:0020871	MONDO:0015285
MONDO:0021044	MONDO:0006058
MONDO:0021051	MONDO:0015540
MONDO:0021062	MONDO:0016382
MONDO:0021087	MONDO:0003252
MONDO:0021122	MONDO:0000402
MONDO:0021150	MONDO:0021152
MONDO:0021188	MONDO:0005094
MONDO:0021191	MONDO:0016700
MONDO:0021198	MONDO:0000001
MONDO:0021200	MONDO:0000001
MONDO:0021252	MONDO:0003639
MONDO:0021257	MONDO:0021064
MONDO:0021307	MONDO:0005575
MONDO:0021421	MONDO:0021533
MONDO:0021570	MONDO:0021569
MONDO:0021628	MONDO:0001854
MONDO:0021664	MONDO:0017991
MONDO:0021668	MONDO:0700057
MONDO:0021684	MONDO:0024619
MONDO:0021720	MONDO:0000408
MONDO:0021725	MONDO:0100151
MONDO:0021909	MONDO:0007145
MONDO:0021910	MONDO:0010988
MONDO:0021937	MONDO:0011273
MONDO:0021969	MONDO:0037251
MONDO:0021971	MONDO:0009041
MONDO:0022018	MONDO:0009579
MONDO:0022145	MONDO:0008816
MONDO:0022263	MONDO:0018840
MONDO:0022314	MONDO:0016290
MONDO:0022406	MONDO:0021836
MONDO:0022418	MONDO:0011132
MONDO:0022423	MONDO:0008761
MONDO:0022434	MONDO:0011052
MONDO:0022446	MONDO:0015302
MONDO:0022460	MONDO:0010930
MONDO:0022463	MONDO:0015230
MONDO:0022469	MONDO:0015236
MONDO:0022482	MONDO:0008810
MONDO:0022512	MONDO:0020435
MONDO:0022546	MONDO:0021845
MONDO:0022556	MONDO:0022557
MONDO:0022566	MONDO:0007931
MONDO:0022605	MONDO:0008884
MONDO:0022620	MONDO:0030981
MONDO:0022651	MONDO:0007269
MONDO:0022652	MONDO:0011003
MONDO:0022676	MONDO:0015567
MONDO:0022725	MONDO:0015425
MONDO:0022819	MONDO:0020296
MONDO:0022850	MONDO:0009114
MONDO:0022857	MONDO:0019943
MONDO:0022858	MONDO:0019123
MONDO:0022869	MONDO:0001389
MONDO:0022880	MONDO:0022308
MONDO:0022913	MONDO:0010128
MONDO:0022921	MONDO:0020119
MONDO:0022926	MONDO:0016350
MONDO:0022939	MONDO:0043176
MONDO:0022940	MONDO:0022939
MONDO:0022953	MONDO:0009401
MONDO:0022982	MONDO:0015235
MONDO:0023000	MONDO:0017980
MONDO:0023008	MONDO:0023007
MONDO:0023031	MONDO:0024455
MONDO:0023037	MONDO:0023035
MONDO:0023038	MONDO:0018938
MONDO:0023041	MONDO:0009522
MONDO:0023052	MONDO:0009156
MONDO:0023065	MONDO:0007539
MONDO:0023129	MONDO:0008163
MONDO:0023140	MONDO:0015248
MONDO:0023191	MONDO:0010111
MONDO:0023194	MONDO:0015516
MONDO:0023217	MONDO:0015078
MONDO:0023235	MONDO:0044792
MONDO:0023243	MONDO:0011274
MONDO:0023303	MONDO:0008809
MONDO:0023310	MONDO:0018925
MONDO:0023539	MONDO:0023540
MONDO:0023616	MONDO:0007888
MONDO:0023663	MONDO:0008318
MONDO:0023820	MONDO:0016819
MONDO:0024252	MONDO:0014855
MONDO:0024254	MONDO:0008657
MONDO:0024255	MONDO:0100118
MONDO:0024267	MONDO:0019384
MONDO:0024289	MONDO:0017755
MONDO:0024293	MONDO:0017790
MONDO:0024351	MONDO:0008251
MONDO:0024385	MONDO:0005650
MONDO:0024390	MONDO:0006921
MONDO:0024404	MONDO:0002000
MONDO:0024460	MONDO:0005794
MONDO:0024486	MONDO:0015279
MONDO:0024581	MONDO:0024664
MONDO:0024597	MONDO:0014278
MONDO:0024812	MONDO:0002399
MONDO:0024996	MONDO:0011558
MONDO:0025155	MONDO:0005679
MONDO:0025303	MONDO:0005118
MONDO:0026754	MONDO:0009346
MONDO:0026782	MONDO:0020603
MONDO:0027416	MONDO:0011143
MONDO:0028741	MONDO:0800091
MONDO:0028742	MONDO:0800093
MONDO:0028743	MONDO:0800094
MONDO:0029146	MONDO:0019407
MONDO:0030016	MONDO:0100058
MONDO:0030032	MONDO:0015350
MONDO:0031178	MONDO:0044645
MONDO:0032576	MONDO:0100095
MONDO:0032647	MONDO:0018445
MONDO:0033187	MONDO:0014781
MONDO:0033211	MONDO:0017868
MONDO:0033939	MONDO:0060564
MONDO:0033947	MONDO:0100567
MONDO:0033981	MONDO:0010962
MONDO:0034082	MONDO:0006583
MONDO:0034099	MONDO:0012960
MONDO:0034104	MONDO:0033642
MONDO:0034122	MONDO:0014960
MONDO:0034147	MONDO:0032678
MONDO:0034186	MONDO:0029144
MONDO:0034217	MONDO:0700478
MONDO:0034663	MONDO:0800092
MONDO:0034673	MONDO:0800090
MONDO:0034678	MONDO:0700479
MONDO:0034819	MONDO:0008666
MONDO:0034820	MONDO:0976127
MONDO:0034823	MONDO:0054770
MONDO:0035117	MONDO:0958231
MONDO:0035122	MONDO:0013509
MONDO:0035160	MONDO:0012391
MONDO:0035354	MONDO:0017287
MONDO:0035363	MONDO:0060759
MONDO:0035369	MONDO:0032705
MONDO:0035383	MONDO:0100040
MONDO:0035433	MONDO:0029133
MONDO:0035454	MONDO:0012243
MONDO:0035474	MONDO:0014797
MONDO:0035529	MONDO:0020840
MONDO:0035541	MONDO:1060221
MONDO:0035542	MONDO:0009106
MONDO:0035547	MONDO:0014597
MONDO:0035635	MONDO:0030045
MONDO:0035660	MONDO:0060491
MONDO:0035661	MONDO:0032572
MONDO:0035713	MONDO:0100040
MONDO:0035774	MONDO:0013690
MONDO:0036192	MONDO:1040032
MONDO:0036491	MONDO:0006517
MONDO:0042724	MONDO:0016571
MONDO:0042908	MONDO:0015325
MONDO:0042915	MONDO:0008357
MONDO:0043181	MONDO:0009958
MONDO:0043187	MONDO:0020007
MONDO:0044331	MONDO:0011792
MONDO:0044354	MONDO:0006412
MONDO:0044618	MONDO:0010250
MONDO:0044630	MONDO:0014857
MONDO:0044652	MONDO:0014958
MONDO:0044680	MONDO:0013569
MONDO:0044684	MONDO:0006042
MONDO:0044715	MONDO:0032836
MONDO:0044716	MONDO:0030912
MONDO:0044747	MONDO:0025303
MONDO:0044790	MONDO:0044792
MONDO:0044808	MONDO:0007492
MONDO:0044876	MONDO:0015340
MONDO:0044924	MONDO:0017894
MONDO:0045031	MONDO:0001517
MONDO:0054836	MONDO:0018130
MONDO:0056821	MONDO:0015264
MONDO:0060649	MONDO:0100297
MONDO:0060712	MONDO:0035133
MONDO:0060722	MONDO:0013346
MONDO:0100005	MONDO:0033954
MONDO:0100007	MONDO:0006702
MONDO:0100025	MONDO:0017385
MONDO:0100031	MONDO:0010898
MONDO:0100032	MONDO:0005115
MONDO:0100088	MONDO:0007089
MONDO:0100189	MONDO:0700513
MONDO:0100243	MONDO:0100244
MONDO:0100245	MONDO:0100244
MONDO:0100282	MONDO:0100253
MONDO:0100300	MONDO:0011191
MONDO:0100317	MONDO:0014306
MONDO:0100334	MONDO:0100321
MONDO:0100411	MONDO:0044923
MONDO:0100461	MONDO:0800030
MONDO:0100503	MONDO:0859295
MONDO:0600011	MONDO:1010154
MONDO:0700042	MONDO:0010386
MONDO:0700044	MONDO:0014337
MONDO:0700294	MONDO:0014213
MONDO:0800112	MONDO:0004765
MONDO:0800197	MONDO:0012398
MONDO:0800294	MONDO:0018581
MONDO:0800303	MONDO:0016605
MONDO:0800316	MONDO:0018247
MONDO:0800342	MONDO:0012240
MONDO:0800343	MONDO:0016202
MONDO:0800460	MONDO:0100524
MONDO:0850090	MONDO:0032651
MONDO:0858986	MONDO:0032737
MONDO:0858987	MONDO:0032906
MONDO:0858988	MONDO:0033614
MONDO:0858989	MONDO:0030482
MONDO:0858990	MONDO:0030512
MONDO:0858991	MONDO:0030673
MONDO:0858992	MONDO:0031019
MONDO:0859001	MONDO:0859150
MONDO:0859244	MONDO:0859003
MONDO:0859345	MONDO:0035651
MONDO:0859761	MONDO:0033664
MONDO:0859762	MONDO:0033667
MONDO:0957115	MONDO:0100150
MONDO:0957221	MONDO:0018422
MONDO:0957316	MONDO:0007239
MONDO:0957319	MONDO:0019161
MONDO:0957426	MONDO:0032654
MONDO:0958129	MONDO:0957874
MONDO:0958201	MONDO:0800306
MONDO:0971094	MONDO:0014000
MONDO:8000017	MONDO:8000015
